HomeTeamName,HomeTeamid
Arsenal,494
Aston Villa,495
Brentford,10503
Brighton,508
Burnley,512
Chelsea,519
Crystal Palace,525
Everton,8560
Leeds,546
Leicester,547
Liverpool,550
Man City,555
Man United,556
Newcastle,562
Norwich,565
Southampton,585
Tottenham,593
Watford,596
West Ham,598
Wolves,600
